duration,src_bytes,dst_bytes,label
164.64405117819743,186,256,normal
214.55680991172585,595,1324,normal
180.82901282149317,237,52,normal
163.46495489906906,98,1452,normal
127.09643980167141,12,1018,normal
193.76823391999685,34,302,normal
131.27616337880775,568,197,normal
267.53190023462395,302,132,normal
289.0988281503088,384,476,normal
115.03245564773331,1134,16,normal
237.51751142479938,2319,7,normal
158.66847592587135,122,280,normal
170.4133683281797,543,35,probe
277.6789914877983,152,145,normal
21.31081745936608,10,124,normal
26.13878991046221,710,145,normal
6.065519232097715,192,70,normal
249.7859536643814,241,6,normal
233.44702528495515,443,61,normal
261.00364447404576,889,481,probe
293.5855026698292,495,1829,normal
239.7475692650171,1030,2320,DoS
138.44380867587955,159,263,normal
234.15875288593665,799,88,DoS
35.482327760679965,102,509,probe
191.97630639825715,1526,336,probe
43.00598622271392,581,2273,DoS
283.4006751148752,121,33,normal
156.5544965250215,1472,764,normal
124.39858199715708,656,170,normal
79.36668363138809,146,138,normal
232.270106830265,119,543,normal
136.84509966496455,365,141,normal
170.53018466059456,12,548,normal
5.636940130906543,116,364,DoS
185.2906491227631,276,275,probe
183.6287168167264,234,404,normal
185.08019906242708,311,169,normal
283.12442355438725,162,613,normal
204.54608973104502,441,267,DoS
107.8523701721358,997,223,DoS
131.10958613980245,62,882,probe
209.28935877817946,364,1294,probe
18.06764148878095,70,23,normal
200.0300146337003,630,132,normal
201.19136088544784,252,214,normal
63.11476832215227,416,843,normal
38.677889296455994,101,2116,normal
94.62850527725516,78,1736,probe
109.11323128278678,334,1176,normal
171.0590311253639,219,175,normal
131.5804540386961,1410,2414,normal
296.5121514177679,724,143,normal
30.61344322440842,690,55,normal
62.663026828450406,1170,1507,probe
48.392855365498875,43,132,normal
195.93249763961953,401,585,normal
75.98748076193463,439,30,normal
139.89323185689187,1634,655,normal
73.32767760048083,172,1067,probe
47.69087509365592,137,159,normal
33.11254234929154,52,238,probe
196.89887683958202,8,234,normal
41.45488540458414,1326,690,normal
58.97470850401605,554,135,normal
110.61755119828923,768,94,normal
246.29796895438054,165,298,normal
29.13038273791838,441,181,normal
251.38347224964116,33,913,DoS
28.82952236818892,332,135,normal
292.9378395040187,1897,348,normal
140.59536049431048,1045,1428,normal
293.0283264571011,206,502,normal
181.4536559235138,1629,1009,normal
221.7790738194905,131,1408,DoS
11.756337676296202,1491,694,normal
84.84208877292288,1418,601,DoS
36.05896836395067,802,1720,normal
88.84205925664348,497,2592,normal
35.61831568627321,1036,300,normal
95.3949538181928,173,36,normal
124.278898354401,945,173,normal
19.24424890463531,481,82,normal
207.74163581100595,6,270,DoS
169.98043626197256,213,70,normal
79.61684728183363,80,463,normal
156.9744160400099,2003,241,DoS
28.182153227532503,325,1128,normal
172.78394866685377,343,1717,probe
278.7888592728642,510,395,normal
95.57068573539709,229,160,probe
200.22311398910452,73,448,normal
39.539358721317654,863,1135,normal
214.89816123556966,105,261,normal
86.82182788416033,358,401,normal
54.95740860213505,127,158,normal
175.95388044302496,51,303,normal
6.032263856248066,990,256,normal
248.68200876520893,1804,142,normal
1.4086428577641197,1619,352,DoS
203.34496103886903,1185,185,normal
81.00239195764945,743,233,normal
220.55820663677846,202,372,normal
288.65656353523144,42,694,normal
74.6259430559874,261,202,normal
172.84720032535108,132,1289,normal
177.6125793815517,71,991,normal
171.675571737262,27,24,normal
66.9244897921855,646,146,normal
285.8247034550955,5,295,probe
134.1376135852882,736,55,normal
253.92260174133835,79,214,normal
209.8437825952513,41,673,DoS
89.2310852565401,46,570,normal
244.13934591074317,557,486,normal
118.95172225409539,140,619,normal
264.3309591333485,272,114,normal
174.3818617907576,407,209,normal
264.52060855645584,985,563,normal
207.75947702332977,649,1056,DoS
217.57628394589216,157,392,DoS
150.39731457801068,70,166,probe
286.82509041696716,28,15,normal
193.19705976889122,179,619,probe
127.15651456745391,151,3,normal
181.9179642383773,304,233,probe
5.757959492800058,574,378,normal
90.4724450023648,594,1276,probe
198.0520612478055,166,46,DoS
87.02328216313322,238,260,normal
185.40462869965245,99,12,normal
128.63061028372985,776,209,normal
40.64221926673507,29,486,normal
89.48469778680924,597,163,normal
170.98947321037946,754,117,normal
177.26182837445197,751,61,normal
172.29757465487364,150,430,normal
195.9602459571401,234,594,normal
195.63098100050667,442,557,normal
129.42553063019218,159,1486,normal
268.9639787553189,231,1,normal
110.26856101436896,109,520,probe
130.75947757968805,307,458,normal
267.5770065047016,22,444,normal
241.85819671382572,804,1645,normal
211.1665750621099,40,8,normal
30.068066193690335,365,596,probe
275.84478412340206,183,840,DoS
214.2723898647334,430,356,probe
299.65410197035993,1602,203,normal
44.834491397398125,518,782,normal
260.4378172104643,18,51,normal
48.74788040291244,281,291,probe
184.66786928515324,356,366,normal
37.14599485483245,384,592,normal
254.40246879667032,571,47,probe
242.1956876175032,162,129,normal
170.730221584378,68,264,normal
122.1549891677999,249,488,normal
20.750098636541413,1566,1090,normal
209.2286319433691,103,482,probe
136.06280480342065,1171,71,normal
216.61667984110437,392,1970,normal
259.91469777858873,305,1027,normal
292.6564515008657,1068,349,probe
256.7410027177833,306,1277,probe
3.5142252555005915,643,389,probe
107.99341934350917,254,1283,normal
218.9971687272174,1171,885,probe
51.48890317843215,585,1725,DoS
156.3109818612388,601,1261,normal
16.30139650177609,198,18,normal
59.998957468920025,706,96,normal
5.5565383381841915,505,246,normal
238.10931100722618,137,1519,probe
67.17740641811403,87,178,normal
103.60550420907082,795,87,normal
278.42438803967724,1599,1087,normal
211.32432057705984,306,295,DoS
9.551678859392354,447,1192,DoS
49.408246949373826,974,87,normal
186.44352044992905,305,541,normal
173.16857658125028,1516,290,DoS
71.36784641235259,428,39,DoS
280.2641993774381,859,596,normal
184.1897867897688,1197,142,normal
160.68984090748748,845,20,normal
176.9729929063713,86,30,normal
219.0366088550309,495,31,normal
93.58349864388056,254,1191,normal
119.46631866482757,32,673,normal
62.95312469253665,275,1141,normal
55.857901764100845,149,558,normal
283.31171699518006,945,376,normal
221.86523851478626,16,181,probe
147.13764258527013,1596,3097,probe
68.22438839199697,219,224,normal
76.30694453111788,220,318,normal
17.408748097162686,8,237,normal
130.32498766743623,102,1944,normal
