actual,predicted,anomaly_score
normal,normal,0.12735484670845043
normal,normal,0.04070776291895861
normal,normal,0.10914606718159847
normal,normal,0.06401487586275217
DoS,normal,-0.034894148195280694
normal,normal,0.06273543087145661
normal,normal,-0.0038133642616435814
normal,normal,0.10780444011449736
probe,normal,0.025740440712481716
normal,normal,0.09346455942891047
normal,normal,0.07864431250691756
DoS,normal,0.023681778311565482
probe,normal,0.0788366738670141
normal,normal,0.03139092240409924
normal,normal,0.08739328527473095
normal,normal,0.09489354325381377
normal,normal,0.057139674725527057
probe,normal,-0.051742983563668465
normal,normal,0.108507896210776
DoS,normal,0.018976071170844544
normal,normal,0.03259239450164075
normal,normal,0.12470481934362476
probe,normal,0.001105200402750417
normal,normal,0.09210363514002118
normal,normal,0.03075778316655875
normal,normal,0.0324135353864663
normal,normal,0.05072463782670644
normal,probe,0.14818133698964608
probe,normal,0.09908266567154872
normal,normal,0.10723769832171642
normal,normal,0.07782191403197247
normal,normal,0.08157803354199089
normal,normal,0.06326154742837636
normal,normal,0.007513586425458962
normal,normal,0.08973642869017967
normal,normal,0.008734933140138179
normal,normal,0.10813744463991404
normal,normal,0.11088467040611039
probe,normal,0.003888728917563311
DoS,normal,0.11513389580395211
